Job Title,Location,Company,Company URL,Skills,Category
Freelance Writer,Worldwide,IAPWE,https://dailyremote.com/apply/3016661,[],Writing
Conversation Practice Partner (Native English Speaker),United States,Tutor Job,https://dailyremote.com/apply/3012726,[],Support
"Manager, Sales Development",United States,Webflow,https://dailyremote.com/apply/3022713,[],Sales
Staff Creative Web Designer,United States,Intercom,https://dailyremote.com/apply/3021930,[],Design
Senior Content Designer,United States,10up,https://dailyremote.com/apply/3020744,[],Design
Internet Rater | Part Time | Work from home,United States,TELUS International AI,https://dailyremote.com/apply/3020591,"['Android', 'iOS']",Marketing
Executive Assistant,United States,Boldly,https://dailyremote.com/apply/3019697,[],Virtual Assistant
Senior Editor,United States,Vizient,https://dailyremote.com/apply/3019337,[],Writing
Head of Human Resources,United States,Smith.ai,https://dailyremote.com/apply/3016768,[],Recruitment
Lead Group Product Manager,United States,Google,https://dailyremote.com/apply/3019347,[],Product
Data Scientist,United States,HubSpot,https://dailyremote.com/apply/3014261,['Python'],Software Development
Customer Service Specialist,Worldwide,Nordic Naturals,https://dailyremote.com/apply/3014255,[],Support
"Associate, Paid Acquisition Marketing",Canada,Grammarly,https://dailyremote.com/apply/3016075,[],Marketing
"Principal Project Manager, Operations",United States,Zillow,https://dailyremote.com/apply/3013062,[],Product
Backend Developer (Remote),United States,Cognizant Technology Solutions,https://dailyremote.comhttps://click.appcast.io/track/h4pxx49?cs=i2c&exch=7t&jg=6n59&bid=pRFWmVd-Il-IgmbfzzT0Vw==,"['AWS', 'Spring Boot', 'Node.JS', 'Node.js']",Software Development
Bilingual (Spanish) Call Center Agent - SC Remote,United States,Integrity Staffing Solutions,https://dailyremote.comhttps://click.appcast.io/track/h4oc5jb?cs=i2c&exch=7t&jg=6uvr&bid=rZ-ZBYiOhiPQiAeYFatKww==,[],Support
Dominican Republic - Santo Domingo - WAH - Hiring,Worldwide,Continuum Global Solutions,https://dailyremote.comhttps://click.appcast.io/track/d9i78dy?cs=i2c&exch=1o&jg=547t&bid=kaaAGqsozvF-VdUqxZRdfg==,[],Others
QA Automation Testing Lead (Remote),United States,Cognizant Technology Solutions,https://dailyremote.comhttps://www.jobg8.com/Traffic.aspx?GMP19CiHu%2b6hMovOy4bNYAw,['Java'],Software Development
Remote Software Architect - Enterprise Services Team,United States,O'Reilly Auto Parts,https://dailyremote.comhttps://www.jobg8.com/Traffic.aspx?%2fhjDNWatKIROIIONxrGRMAe,"['Java', 'MySQL', 'Git']",Software Development
Regional Account Manager (Remote) South Central U.S. Region,United States,"Servpro Industries, LLC",https://dailyremote.comhttps://www.jobg8.com/Traffic.aspx?beWHLPWiRub%2bW44C7G0d8gf,[],Finance
Insurance Agency Bookkeeper - REMOTE,United States,Work At Home Vintage Experts,https://dailyremote.comhttps://www.jobg8.com/Traffic.aspx?gejB1ao5Vl7g%2fnnqMaWcnwy,[],Writing
"Vice President, Marketing Analytics - Remote",United States,Segal,https://dailyremote.comhttps://www.jobg8.com/Traffic.aspx?fLWbgOZsqSS6fFtc%2b6%2fzUwa,[],Marketing
Senior Commercial Loss Project Manager (Remote) Western Region,United States,"Servpro Industries, LLC",https://dailyremote.comhttps://www.jobg8.com/Traffic.aspx?%2f%2bPpcJgF0xV4KAYpZseoqQh,[],Product
Junior Project Manager / Coordinator (Remote),United States,Tandym Group,https://dailyremote.comhttps://www.jobg8.com/Traffic.aspx?HkFiR6kdUwpihGQFFS2Ckgd,[],Product
Application Development Support Analyst I (Hybrid & Remote Eligible),United States,Sierra Nevada Corporation,https://dailyremote.comhttps://www.jobg8.com/ATSApply.aspx?RyybmGlwrGtX4VeLtPB45wn,"['Docker', 'JavaScript']",Product
"Obesity Medicine - Health Psychologist, Partially Remote",United States,Dartmouth Health,https://dailyremote.comhttps://www.jobg8.com/Traffic.aspx?beWHLPWiRubDa7U3EShV5gf,[],Healthcare
"Full-time Remote Tele-Health Opportunity / Nephrologist MUST LIVE IN ATLANTA, GEORGIA",United States,Monogram Health,https://dailyremote.comhttps://www.jobg8.com/Traffic.aspx?gejB1ao5Vl7%2b2DNxms7oUQy,[],Healthcare
Program Manager III (Health Equity) - Remote Available,United States,Centene Corporation,https://dailyremote.comhttps://www.jobg8.com/Traffic.aspx?RyybmGlwrGsGOVSCwClpCgn,[],Product
"Full-Time Remote Tele-Health Opportunity / Im Must Live In New Jersey (new Brunswick, Princeton, Or Vineland)",United States,Monogram Health,https://dailyremote.comhttps://www.jobg8.com/Traffic.aspx?fQDvAgNoD4fqb1Uqaqb2BQb,[],Healthcare
Sr. Architect .NET ( Remote),United States,Cognizant Technology Solutions,https://dailyremote.comhttps://www.jobg8.com/ATSApply.aspx?5y6FRDvNHCrnAiO1SxjNJwr,[],Software Development
"State Director - Shepherdstown, WV or remote within WV",United States,The Conservation Fund,https://dailyremote.comhttps://www.jobg8.com/Traffic.aspx?OTvXOYlFMWuwTwYW%2bUH9awc,[],Marketing
Software Project Manager/Scrum Master-Not Remote,United States,Seek Thermal,https://dailyremote.comhttps://www.jobg8.com/Traffic.aspx?beWHLPWiRuZyhdp8sZSrSQf,['Git'],Software Development
Staff Accountant II - Remote,United States,Synergy Health Partners,https://dailyremote.comhttps://www.jobg8.com/Traffic.aspx?HMyGHJYfprn6%2bvyTcvnRnQt,[],Finance
"Product Marketing Manager, Acoustics and Electronics Reliability Products - Remote",United States,ANSYS,https://dailyremote.comhttps://www.jobg8.com/Traffic.aspx?fLWbgOZsqSRY2HEdZYixBga,[],Product
"Sr. Manager, Cyber Threat Researcher, Cyber Intelligence (Remote-Eligible)",United States,Capital One,https://dailyremote.comhttps://www.jobg8.com/Traffic.aspx?XOVy4%2bW6SI9HxDCpNROHMAk,"['AWS', 'Python']",Recruitment
Remote Radiologist - Work from Any Time Zone (4p-12a ET / 1pm-9pm PT),United States,Radiology Partners,https://dailyremote.comhttps://www.jobg8.com/Traffic.aspx?GeoQCLVvWMX2pW%2fOoMcPygj,[],Product
Remote Licensed Health Insurance Agent - Medicare,United States,e-TeleQuote Insurance,https://dailyremote.comhttps://www.jobg8.com/ATSApply.aspx?fLWbgOZsqSQwQ6a4lJsZMga,[],Healthcare
"General Radiologist / Mammographer Position, Mixed on-site and Remote Work, 1 year to Partnership, $800k+ Potential, 13 weeks off- Longview, TX",United States,Radiology Associates of North Texas,https://dailyremote.comhttps://www.jobg8.com/Traffic.aspx?%2fhjDNWatKIT8qfQ5TkEAjAe,[],Finance
Senior Systems Engineer - Fully Remote,United States,Magna5 MS LLC,https://dailyremote.comhttps://www.jobg8.com/Traffic.aspx?yTdKfvpD0T%2flMWXMdyAGjAg,['AWS'],Software Development
100% Remote - TeleHealth Post-Acute SNF Coverage - Nights,United States,TeleHealth Solution,https://dailyremote.comhttps://www.jobg8.com/Traffic.aspx?nw%2bncDsdN46K6U5yJ0nsPwm,[],Healthcare
